image_url,book_title,product_price
../media/cache/27/a5/27a53d0bb95bdd88288eaf66c9230d7e.jpg,It's Only the Himalayas,£45.17
../media/cache/e9/20/e9203b733126c4a0832a1c7885dc27cf.jpg,You can't bury them all: Poems,£33.63
../media/cache/5d/7f/5d7f496cdf5e5962a73ecdcc1505c1d5.jpg,The Natural History of Us (The Fine Art of Pretending #2),£45.22
../media/cache/f3/ef/f3efd43ae0fa85d9b325d5e8783e7af5.jpg,"Rat Queens, Vol. 3: Demons (Rat Queens (Collected Editions) #11-15)",£50.40
../media/cache/fe/ea/feeafd2ad7b3077f8e74cbb1da9e3c7d.jpg,In the Country We Love: My Family Divided,£22.00
../media/cache/06/18/061811c5845d0e13bc04b2a755f0830f.jpg,"Avatar: The Last Airbender: Smoke and Shadow, Part 3 (Smoke and Shadow #3)",£28.09
../media/cache/ea/04/ea0476a6f4c318ceccf5e2f2b39f2b15.jpg,The Stranger,£17.44
../media/cache/54/89/54899b4584e941ceced511d81092c88a.jpg,The Cookies & Cups Cookbook: 125+ sweet & savory recipes reminding you to Always Eat Dessert First,£41.25
../media/cache/0e/fe/0efe86960cdff718aed01a5c3f65b1c3.jpg,Mrs. Houdini,£30.25
../media/cache/20/f2/20f28657b49f8cb24ed2ec6448bb6df3.jpg,"Deliciously Ella Every Day: Quick and Easy Recipes for Gluten-Free Snacks, Packed Lunches, and Simple Meals",£42.16
../media/cache/db/1b/db1babd3c09b84da800b0e9897fe0097.jpg,Why the Right Went Wrong: Conservatism--From Goldwater to the Tea Party and Beyond,£52.65
../media/cache/f0/db/f0db1cf76d45f0522d4c8c3c39aa0dd8.jpg,The Rosie Project (Don Tillman #1),£54.04
../media/cache/d8/a4/d8a44eda7cbe7bd1207f868e9adc06f3.jpg,Take Me with You,£45.21
../media/cache/c8/22/c822360ce0f91c40f7a0491c22287646.jpg,"Naruto (3-in-1 Edition), Vol. 14: Includes Vols. 40, 41 & 42 (Naruto: Omnibus #14)",£38.39
../media/cache/2a/b9/2ab91479fe480e964f319fa8ac6991b2.jpg,"Hush, Hush (Hush, Hush #1)",£47.02
../media/cache/55/11/5511a4296fbd484dcaa89c8a2d25965d.jpg,Cometh the Hour (The Clifton Chronicles #6),£25.01
../media/cache/b4/2a/b42a187c37de904f776070c57f51c756.jpg,Angels & Demons (Robert Langdon #1),£51.48
../media/cache/30/2c/302cd9c84442e139145ec0993880d7e0.jpg,The Silent Sister (Riley MacPherson #1),£46.29
../media/cache/d2/64/d264ad1af882ce391005dc7215ac90e7.jpg,How to Speak Golf: An Illustrated Guide to Links Lingo,£58.32
../media/cache/1d/78/1d78fe226e1adb9cb591fa21f8a9bf68.jpg,Off the Hook (Fishing for Trouble #1),£47.67
../media/cache/23/c2/23c2108ae81327c7f3fb0721976cba5e.jpg,10-Day Green Smoothie Cleanse: Lose Up to 15 Pounds in 10 Days!,£49.71
../media/cache/e7/75/e775bf9ea6343b2ee0be5166bb445bd2.jpg,Don't Forget Steven,£33.23
../media/cache/93/e0/93e0ec623673a8f83598c9aa7b6c94ec.jpg,Shadows of the Past (Logan Point #1),£39.67
../media/cache/58/a6/58a634c3231b5380544cc330536cb5ea.jpg,History of Beauty,£10.29
../media/cache/6c/18/6c18ea03e294bfcfe07cf531c6c5f5b3.jpg,The Whale,£35.96
../media/cache/1c/eb/1cebdf525ebe970a1dc3c5a8c50eae6b.jpg,Playing from the Heart,£32.38
../media/cache/a2/f5/a2f5b5fd4421d56d37c73a7fb29f5f40.jpg,Blue Like Jazz: Nonreligious Thoughts on Christian Spirituality,£25.77
../media/cache/7e/93/7e934132cd03486649fb492fe702f704.jpg,The Collected Poems of W.B. Yeats (The Collected Works of W.B. Yeats #1),£15.42
../media/cache/db/46/db46159b05faa5d95262112bf9c29ddd.jpg,A Year in Provence (Provence #1),£56.88
../media/cache/db/e4/dbe49e1cb06136eeb51182f551ccdc52.jpg,The Expatriates,£44.58
../media/cache/05/74/0574a71ccaff1fef1f8e9a1f4c22b7bc.jpg,Kill the Boy Band,£15.52
../media/cache/eb/17/eb178eceef1e9290591cabd5155571a3.jpg,America's War for the Greater Middle East: A Military History,£51.22
../media/cache/27/b7/27b7f4ec590965b5acc15dc4b1376684.jpg,Some Women,£13.73
../media/cache/38/79/38794d8729a111018260d931e7101de2.jpg,"Fruits Basket, Vol. 4 (Fruits Basket #4)",£50.44
../media/cache/4d/18/4d1891e435c6692c864331c585e0d014.jpg,We Are All Completely Beside Ourselves,£24.04
../media/cache/8e/09/8e09faaea71886048b27959e607e6c7b.jpg,The Smitten Kitchen Cookbook,£23.59
../media/cache/21/bd/21bdf7ae21476b1debf4aa3eefe6f29d.jpg,The Lonely Ones,£43.59
../media/cache/ec/08/ec08efebaa33a403e54080b48c139794.jpg,The Day the Crayons Came Home (Crayons),£26.33
../media/cache/f0/a4/f0a48c8cc6acd322eacd9d35e55d63e7.jpg,Shopaholic & Baby (Shopaholic #5),£46.45
../media/cache/4e/52/4e52f087337abef25de62845f093ed6e.jpg,One for the Money (Stephanie Plum #1),£32.87
../media/cache/d2/c2/d2c259e13fe3097325549a14f996b462.jpg,Lady Renegades (Rebel Belle #3),£53.04
../media/cache/39/2f/392fedbcda7bf8f968d5e6643ea5545f.jpg,Golden (Heart of Dread #3),£42.21
../media/cache/65/7b/657b1d20ea50775c5c87e039ed8aeebc.jpg,Cosmos,£36.17
../media/cache/71/d1/71d199b2abd878b9943dc818b77a1e72.jpg,Are We Smart Enough to Know How Smart Animals Are?,£56.58
../media/cache/e0/22/e0221ab11b1d093a2d03927b4962c544.jpg,Girl Online On Tour (Girl Online #2),£53.47
../media/cache/08/14/0814f26516fb72b7391d0a742b5928a2.jpg,The Selfish Gene,£29.45
../media/cache/bb/cd/bbcd1a94ebc9fb56f8d079df4557f8e2.jpg,The Communist Manifesto,£14.76
../media/cache/3f/f3/3ff3f7a0f3c949bb7adbe5f7fe80b9ab.jpg,One Second (Seven #7),£52.94
../media/cache/7c/c1/7cc13a8fb238202250e87843c1a62f94.jpg,"Fruits Basket, Vol. 1 (Fruits Basket #1)",£40.28
../media/cache/d7/0f/d70f7edd92705c45a82118c3ff6c299d.jpg,"1,000 Places to See Before You Die",£26.08
